openATV,OpenPLi,OpenViX,OpenBH,OpenHDF,EGAMI,OpenSPA,Open8eIGHT,TeamBlue,Vti,PureE2,Open Vision,OpenDROID
9900lx,,,,,,,,,,,9900lx,
9910lx,,,,,,,,,,,9910lx,
9911lx,,,,,,,,,,,9911lx,
9920lx,,,,,,,,,,,9920lx,
alphatriple,alphatriplehd,,,,,,,,,,alphatriplehd,
anadol4k,,,,anadol4k,,,,,,anadol4k,anadol4k,
anadol4kcombo,multibox,,,anadol4kcombo,,,,,,,multibox,
anadol4kv2,,,,anadol4kv2,,,,,,,anadol4kv2,
anadolmulti,multibox,,,anadolmulti,,,,,,,multibox,
anadolmultiboxse,multiboxse,,,anadolmultiboxse,,,,,,,multiboxse,
anadolmultitwin,multibox,,,,,,,,,,multibox,
anadolprohd5,,,,,,,,,,,anadolprohd5,
arivacombo,,,,,,arivacombo,,,,,arivacombo,
arivatwin,,,,,,arivatwin,,,,,arivatwin,
atemio5x00,,,,,,,,,,,atemio5x00,
atemio6000,,,,,,,,,,,atemio6000,
atemio6100,,,,,,,,,,,atemio6100,
atemio6200,,,,,,,,,,,atemio6200,
atemionemesis,,,,atemionemesis,,,,,,,atemionemesis,
ax51,hd51,,,ax51,,,,,,ax51,hd51,
ax60,hd60,,,,,,,,,,hd60,
ax61,,ax61,,,,,,,,ax61,hd61,
axase3,,,,,,,,,,,,
axase3c,,,,,,,,,,,,
axashis4kcombo,,,,axashis4kcombo,,,,,,,axashis4kcombo,
axashis4kcomboplus,,,,axashis4kcomboplus,,,,,,,axashis4kcomboplus,
axashisc4k,,,,,,,,,,,axashisc4k,
axashistwin,,,,axashistwin,,,,,,,axashistwin,
axashistwinplus,,,,,,,,,,,axashistwinplus,
axmultiboxse,multiboxse,,,,,axmultiboxse,,,,,multiboxse,
axmulticombo,multibox,,,,,,,,,,multibox,
axmultitwin,multibox,,,,,,,,,,multibox,
axodin,,,,,,,,,,,axodin,
axodinc,,,,,,,,,,,,
beyonwizt2,,,,,,,,,,,beyonwizt2,
beyonwizt3,,,,,,,,,,,beyonwizt3,
beyonwizt4,,,,,,,,,,,beyonwizt4,
beyonwizu4,,,,,,,,,,,beyonwizu4,
beyonwizv2,,,,,,,,,,,beyonwizv2,
bre2ze,,,,,,,,,,,bre2ze,
bre2ze4k,bre2ze4k,,,bre2ze4k,,,,,,,bre2ze4k,
bre2zet2c,,,,,,,,,,,bre2zet2c,
bwidowx,,,,,,,,,,,bwidowx,
classm,,,,,,,,,,,,
dinobot4k,,,,dinobot4k,,dinobot4k,,,,,dinobot4k,
dinobot4kelite,,,,,,,,,,,,
dinobot4kmini,,,,dinobot4kmini,,dinobot4kmini,,,,,dinobot4kmini,
dinobot4ktwin,,,,dinobot4kplus,,dinobot4ktwin,,,,dinobot4ktwin,,
dinobot4kpro,,,,,,,,,,dinobot4kpro,,
dinobot4kse,,,,,,,,,,,dinobot4kse,
dinobot4ktwin,,,,,,dinobot4ktwin,,,,dinobot4ktwin,dinobot4ktwin,
dm500hd,,,,,,,,,,,,
dm500hdv2,,,,,,,,,,,dm500hdv2,
dm520,,,,,,,,,,,dm520,
dm7020hd,,,,,,,,,,,dm7020hd,
dm7020hdv2,,,,,,,,,,,dm7020hdv2,
dm7080,,,,,,,,,,,dm7080,
dm8000,dm8000,,,,,,,,,,dm8000,
dm800se,,,,,,,,,,,,
dm800sev2,,,,,,,,,,,dm800sev2,
dm820,,,,dm820,,,,,,,dm820,
dm900,,,,dm900,,,,,,,dm900,
dm920,,,,dm920,,,,,,,dm920,
dreamone,,,,,,,,,,,,
dreamtwo,,,,,,,,,,,,
dual,dual,,dual,,,dual,,,,dual,dual,
e4hd,e4hd,,,,,,,,,,e4hd,
e4hdcombo,,,,e4hdcombo,,,,,,,e4hdcombo,
e4hdhybrid,,,,,,,,,,,e4hdhybrid,
e4hdultra,,,,e4hdultra,,,,,,,e4hdultra,
enfinity,,,,,,,,,,,enfinity,
enibox,,,,,,,,,,,enibox,
et10000,et10000,et10000,,et10000,,,,,,,et10000,
et4x00,et4x00,,,,,,,,,,et4x00,
et5x00,et5x00,,,,,,,,,,et5x00,
et6x00,et6x00,,,,,,,,,,et6x00,
et7x00,et7x00,,,,,,,,,,et7x00,
et7x00mini,et7000mini,,,,,et7x00mini,,,,,et7x00mini,
et8000,et8000,et8000,,,,,,,,,et8000,
et8500,et8500,et8500,,et8500,,,,,,,et8500,
et9x00,et9x00,,,,,,,,,,et9x00,
evo,,,,,,,,,,,,
evoe3hd,,,,,,,,,,,,
evomini,,,,,,,,,,,evomini,
evominiplus,,,,,,,,,,,evominiplus,
evoslim,,,,,,,,,,,evoslim,
evoslimse,,,,,,,,,,,evoslimse,
evoslimt2c,,,,,,,,,,,evoslimt2c,
ferguson4k,,,,,,,,,,,,
force1,,,,,,,,,,,force1,
force1plus,,,,,,,,,,,force1plus,
force2,,,,,,,,,,,force2,
force2nano,,,,,,,,,,,force2nano,
force2plus,,,,,,,,,,,force2plus,
force2plushv,,,,,,,,,,,force2plushv,
force2se,,,,,,,,,,,force2se,
force3uhd,,,,,,,,,,,force3uhd,
force3uhdplus,,,,,,,,,,,force3uhdplus,
force4,,,,,,,,,,,force4,
formuler1,formuler1,formuler1,,,,formuler1,,,,,formuler1,
formuler1tc,,formuler1tc,,,,,,,,,formuler1tc,
formuler3,formuler3,,,,,formuler3,,,,,formuler3,
formuler3ip,,,,,,,,,,,formuler3ip,
formuler4,formuler4,formuler4,,formuler4,,formuler4,,,,,formuler4,
formuler4ip,,,,formuler4ip,,,,,,,formuler4ip,
formuler4turbo,formuler4turbo,,,formuler4turbo,,formuler4turbo,,,,,formuler4turbo,
fusionhd,fusionhd,,,,,,,,,,fusionhd,
fusionhdse,fusionhdse,,,,,,,,,,fusionhdse,
galaxy4k,galaxy4k,,,,,,,,,,galaxy4k,
galaxym6,,,,,,,,,,,,
gb800se,,,,,,,,gb800se,,,,
gb800seplus,,,,,,,,gb800seplus,,,gb800seplus,
gb800solo,,,,,,,,gb800solo,,,gb800solo,
gb800ue,,,,,,,,gb800ue,,,,
gb800ueplus,,,,,,,,gb800ueplus,,,gb800ueplus,
gbip4k,,,gbip4k,gbip4k,,,,gbip4k,,,gbip4k,
gbipbox,,,,,,,,gbipbox,,,gbipbox,
gbquad,,gbquad,,,,,,gbquad,,,gbquad,
gbquad4k,gbquad4k,gbquad4k,gbquad4k,gbquad4k,,gbquad4k,,gbquad4k,,gbquad4k,gbquad4k,
gbquadplus,,gbquadplus,,gbquadplus,,gbquadplus,,gbquadplus,,,gbquadplus,
gbtrio4k,gbtrio4k,gbtrio4k,gbtrio4k,gbtrio4k,,gbtrio4k,,gbtrio4k,,,gbtrio4k,
gbtrio4kpro,,,gbtrio4kpro,,,gbtrio4kpro,,gbtrio4kpro,,gbtrio4kpro,gbtrio4kpro,
gbue4k,gbue4k,gbue4k,gbue4k,gbue4k,,gbue4k,,gbue4k,,gbue4k,gbue4k,
gbultraue,,gbultraue,,,,gbultraue,,gbultraue,,,gbultraue,
gbultraueh,,,,,,,,gbultraueh,,,gbultraueh,
gbx1,,gbx1,,,,gbx1,,gbx1,,,gbx1,
gbx2,,gbx2,,,,gbx2,,gbx2,,,gbx2,
gbx3,,gbx3,,,,gbx3,,gbx3,,,gbx3,
gbx34k,,,,gbx34k,,gbx34k,,gbx34k,,,gbx34k,
gbx3h,,,,,,,,gbx3h,,,gbx3h,
genius,,,,,,,,,,,,
geniuse3hd,,,,,,,,,,,,
gi11000,et1x000,,,,,,,,,,et1x000,
hitube4k,,,,hitube4k,,hitube4k,,,,hitube4k,,
hitube4kplus,,,,,,hitube4kplus,,,,,,
hitube4kpro,,,,hitube4kpro,,hitube4kpro,,,,,,
ip8,,,,,,,,,,,ip8,
iqonios100hd,,,,,,,,,,,iqonios100hd,
iqonios200hd,,,,,,,,,,,iqonios200hd,
iqonios300hd,,,,,,,,,,,iqonios300hd,
iqonios300hdv2,,,,,,,,,,,iqonios300hdv2,
iziboxecohd,,,,,,iziboxecohd,,,,,,
iziboxelite4k,,,,,,iziboxelite4k,,,,,iziboxelite4k,
iziboxone4k,,,,,,iziboxone4k,,,,,,
iziboxone4kplus,,,,,,,,,,,iziboxone4kplus,
iziboxx3,,,,,,iziboxx3,,,,,iziboxx3,
iziboxx4,,,,,,,,,,,,
jdhdduo,,,,,,jdhdduo,,,,,,
lunix,lunix,,,,,lunix,,,,,lunix,
lunix34k,lunix3-4k,,,,,lunix34k,,,,,lunix34k,
lunix4k,lunix4k,,,,,lunix4k,,,,,lunix4k,
lunixco,,,,,,,,,,,lunixco,
mago,,,,,,,,,,,mago,
maram9,,,,,,,,,,,maram9,
marvel1,,,,,,,,,,,marvel1,
maxytecmulti,multibox,,,,,maxytecmulti,,,,,multibox,
maxytecmultise,multiboxse,,,,,,,,,,multiboxse,
mbhybrid,,,,,,,,,,,mbhybrid,
mbmicro,mbmicro,,,,,,,,,,mbmicro,
mbmicrov2,mbmicrov2,,,,,,,,,,mbmicrov2,
mbmini,,,,,,,,,,,mbmini,
mbminiplus,,,,,,,,,,,mbminiplus,
mbtwin,,,,,,,,,,,mbtwin,
mbtwinplus,mbtwinplus,,,,,,,,,,mbtwinplus,
mbultra,,,,,,,,,,,,
mediaart200hd,,,,,,,,,,,,
mediabox,,,,,,,,,,,mediabox,
megaforce1plus,,,,,,,,,,,,
megaforce2,,,,,,,,,,,,
mutant11,hd11,,,,,mutant11,,,,,hd11,
mutant1100,hd1100,,,,,,,,,,hd1100,
mutant1200,hd1200,,,,,mutant1200,,,,,hd1200,
mutant1265,hd1265,,,,,,,,,,hd1265,
mutant1500,hd1500,,,,,mutant1500,,,,,hd1500,
mutant2400,hd2400,mutant2400,,,,,,,,,hd2400,
mutant500c,hd500c,,,,,,,,,,hd500c,
mutant51,hd51,mutant51,,mutant51,,mutant51,,,,,hd51,
mutant530c,hd630c,,,,,,,,,,hd630c,
mutant60,hd60,,,mutant60,,mutant60,,,,,hd60,
mutant66se,hd66se,,,,,,,,,mutant66se,hd66se,
novacombo,h3,,,,,,,,,,novacombo,
novaip,i55,,,,,,,,,,novaip,
novaler4k,multibox,,,,novaler4k,,,,,novaler4k,multibox,
novaler4kpro,multiboxpro,,,,novaler4kpro,,,,,,multiboxpro,
novaler4kse,multiboxse,,,,novaler4kse,,,,,novaler4kse,multiboxse,
novatwin,h3,,,,,,,,,,novatwin,
odin2hybrid,,,,,,,,,,,,
odinplus,,,,,,,,,,,odinplus,
og2ott4k,,,,,,,,,,,og2ott4k,
og2s4k,,,,,,,,,,,og2s4k,
opticumtt,,,,,,,,,,,opticumtt,
optimussos,,,,,,,,,,,optimussos,
optimussos1,,,,,,,,,,,optimussos1,
optimussos1plus,,,,,,,,,,,optimussos1plus,
optimussos2,,,,,,,,,,,optimussos2,
optimussos2plus,,,,,,,,,,,optimussos2plus,
optimussos3plus,,,,,,,,,,,optimussos3plus,
osmega,osmega,osmega,,osmega,,osmega,,,,,osmega,
osmini,osmini,,,,,osmini,,,,,osmini,
osmini4k,osmini4k,osmini4k,osmini4k,osmini4k,,osmini4k,,,,,osmini4k,
osminiplus,osminiplus,osminiplus,,,,osminiplus,,,,,osminiplus,
osmio4k,osmio4k,,,osmio4k,,osmio4k,,,,osmio4k,osmio4k,
osmio4kplus,osmio4kplus,,osmio4kplus,osmio4kplus,,osmio4kplus,,,,osmio4kplus,osmio4kplus,
osnino,osnino,,,osnino,,osnino,,,,,osnino,
osninoplus,osninoplus,,,osninoplus,,osninoplus,,,,,osninoplus,
osninopro,osninopro,,,osninopro,,osninopro,,,,,osninopro,
protek4k,,,,,,,,,,,protek4k,
protek4kx1,,,,,,,,,,,,
protek4kx2,,,,,,,,,,,,
pulse4k,pulse4k,,pulse4k,,,pulse4k,,,,,pulse4k,
pulse4kmini,pulse4kmini,,pulse4kmini,pulse4kmini,,pulse4kmini,,,,pulse4kmini,pulse4kmini,
purehd,purehd,,,,,,,,,,purehd,
purehdse,purehdse,,,,,,,,,,purehdse,
quadbox2400,hd2400,,,,,,,,,,hd2400,
revo4k,revo4k,,,,,,,,,,revo4k,
roxxs200hd,,,,,,,,,,,,
sezam1000hd,,,,,,,,,,,sezam1000hd,
sezam5000hd,,,,,,,,,,,sezam5000hd,
sezammarvel,,,,,,,,,,,sezammarvel,
sf108,,,,,,,sf108,,,,sf108,
sf128,,,,,,,sf128,,,,sf128,
sf138,,,,,,,sf138,,,,sf138,
sf208,,,,,,sf208,sf208,,,,sf208,
sf228,,,,,,sf228,sf228,,,,sf228,
sf238,,,,,,,sf238,,,,sf238,
sf3038,,,,sf3038,,sf3038,sf3038,,,,sf3038,
sf4008,,,,sf4008,,sf4008,sf4008,,,,sf4008,
sf8,,,,,,,sf8,,,,,
sf8008,sf8008,sf8008,sf8008,sf8008,,sf8008,sf8008,,,sf8008,sf8008,
sf8008m,sf8008m,sf8008m,,sf8008m,,sf8008m,sf8008m,,,sf8008m,sf8008m,
sf98,,,,,,,sf98,,,,sf98,
sfx6008,sfx6008,sfx6008,,sfx6008,,sfx6008,sfx6008,,,,sfx6008,
singleboxlcd,,,,,,,,,,,singleboxlcd,
sogno8800hd,,,,,,,,,,,sogno8800hd,
spycat,spycat,,,,,,,,,,spycat,
spycatmini,spycatmini,,,,,,,,,,spycatmini,
spycatminiplus,spycatminiplus,,,,,,,,,,spycatminiplus,
spycatminiv2,,,,spycatminiv2,,,,,,,,
starsatlx,,,,,,,,,,,,
sx88v2,sx88v2,sx88v2,,,,,,,,,sx88v2,
sx988,,sx988,,sx988,,sx988,,,,,sx988,
t2cable,,,,,,,,,,,t2cable,
tiviaraplus,,tiviaraplus,,,,,,,,,tiviaraplus,
tiviarmin,,,,,,,,,,,tiviarmin,
tm2t,,,,,,,,,,,tm2t,
tmnano,,,,,,,,,,,tmnano,
tmnano2super,,,,,,,,,,,tmnano2super,
tmnano2t,,,,,,,,,,,tmnano2t,
tmnano3t,,,,,,,,,,,tmnano3t,
tmnanom3,,tmnanom3,,,,,,,,,tmnanom3,
tmnanose,,tmnanose,,,,,,,,,tmnanose,
tmnanoseplus,,tmnanoseplus,,,,,,,,,tmnanoseplus,
tmnanosecombo,,tmnanosecombo,,,,,,,,,tmnanosecombo,
tmnanosem2,,tmnanosem2,,,,,,,,,tmnanosem2,
tmnanosem2plus,,tmnanosem2plus,,,,,,,,,tmnanosem2plus,
tmsingle,,,,,,,,,,,tmsingle,
tmtwin,,,,,,,,,,,tmtwin4k,
tmtwin4k,,tmtwin4k,,,,,,,,tmtwin4k,,
triplex,,,,,,,,,,,triplex,
turing,,,,,,,,,,,turing,
twinboxlcd,,,,,,,,,,,twinboxlcd,
twinboxlcdci5,,,,,,,,,,,twinboxlcdci5,
tyrant,,,,,,,,,,,tyrant,
uniboxhde,,,,,,,,,,,uniboxhde,
ustym4kottpremium,,,,,,,,,,,ustym4kottpremium,
ustym4kpro,ustym4kpro,,ustym4kpro,ustym4kpro,,ustym4kpro,,,,ustym4kpro,ustym4kpro,
ustym4ks2ottx,ustym4ks2ottx,,,,,,,,,,ustym4ks2ottx,
ventonhdx,,,,,,,,,,,ventonhdx,
vimastec1000,vs1000,,,,,,,,,,vs1000,
vimastec1500,vs1500,,,,,,,,,,vs1500,
viper4k,,viper4k,,viper4k,,,,,,viper4k,viper4k,
viper4k51,,viper4k51,,,,,,,,,,
viper4kv20,,viper4kv20,,,,,,,,viper4kv20,viper4kv20,
viper4kv30,,,,,,,,,,viper4kv30,,
viper4kv40,,viper4kv40,,,,,,,,viper4kv40,viper4kv40,
vipercombo,vipercombo,,,,,vipercombo,,,,,vipercombo,
vipercombohdd,vipercombohdd,vipercombohdd,,,,,,,,,vipercombohdd,
vipersingle,,,,,,,,,,,vipersingle,
viperslim,viperslim,,,,,,,,,,viperslim,
vipert2c,vipert2c,,,,,,,,,,vipert2c,
vipertwin,,vipertwin,,,,,,,,,vipertwin,
vizyonvita,,,,,,,,,,,,
vuduo,vuduo,,,,,,,,vuduo,,vuduo,
vuduo2,vuduo2,vuduo2,vuduo2,,,vuduo2,,,vuduo2,,vuduo2,
vuduo4k,vuduo4k,vuduo4k,vuduo4k,,,vuduo4k,,,vuduo4k,vuduo4k,vuduo4k,
vuduo4kse,vuduo4kse,vuduo4kse,vuduo4kse,,,vuduo4kse,,,vuduo4kse,vuduo4kse,vuduo4kse,
vusolo,vusolo,,,,,,,,vusolo,,vusolo,
vusolo2,vusolo2,vusolo2,vusolo2,,,vusolo2,,,vusolo2,,vusolo2,
vusolo4k,vusolo4k,vusolo4k,vusolo4k,,,vusolo4k,,,vusolo4k,vusolo4k,vusolo4k,
vusolose,vusolose,vusolose,vusolose,,,vusolose,,,vusolose,,vusolose,
vuultimo,vuultimo,,,,,,,,vuultimo,,vuultimo,
vuultimo4k,vuultimo4k,vuultimo4k,vuultimo4k,,,vusolose,,,vuultimo4k,vuultimo4k,vuultimo4k,
vuuno,vuuno,,,,,,,,vuuno,,vuuno,
vuuno4k,vuuno4k,vuuno4k,vuuno4k,,,vuuno4k,,,vuuno4k,vuuno4k,vuuno4k,
vuuno4kse,vuuno4kse,vuuno4kse,vuuno4kse,,,vuuno4kse,,,vuuno4kse,vuuno4kse,vuuno4kse,
vuzero,vuzero,vuzero,vuzero,,,vuzero,,,vuzero,,vuzero,
vuzero4k,vuzero4k,vuzero4k,vuzero4k,,,vuzero4k,,,vuzero4k,vuzero4k,vuzero4k,
worldvisionf1,,,,,,,,,,,worldvisionf1,
worldvisionf1plus,,,,,,,,,,,worldvisionf1plus,
x1plus,,,,,,,,,,,x1plus,
x2plus,,,,,,,,,,,x2plus,
xcombo,,,,,,,,,,,xcombo,
xp1000max,,,,,,,,,,,,
xp1000mk,xp1000,,,,,,,,,,xp1000,
xp1000plus,,,,,,,xp1000plus,,,,,
xpeedlx1,,,,,,,,,,,xpeedlx,
xpeedlx2,,,,,,,,,,,xpeedlx,
xpeedlx3,,,,,,,,,,,xpeedlx3,
xpeedlxcc,xpeedc,,,,,,,,,,xpeedc,
xpeedlxcs2,,,,,,,,,,,,
zgemmah102h,h10,,,,,,,,,,h10,
zgemmah102s,h10,,,,,,,,,,h10,
zgemmah10combo,,,,,,,,,,,,
zgemmah112h,h11,,,,,,,,,,h11,
zgemmah11s,h11,zgemmah11s,zgemmah11s,zgemmah11s,zgemmah11s,zgemmah11s,,,,zgemmah11s,h11,
zgemmah2h,,,,,,zgemmah2h,,,,,,
zgemmah2s,,,,,,zgemmah2s,,,,,,
zgemmah2splus,,,,,,,,,,,,
zgemmah32tc,h3,,,,,zgemmah32tc,,,,,h3,
zgemmah3ac,h3,,,,,,,,,,h3,
zgemmah4,h4,,,,,zgemmah4,,,,,h4,
zgemmah5,h5,,,zgemmah5,,zgemmah5,,,,,h5,
zgemmah52s,h5,,,,,zgemmah52s,,,,,h5,
zgemmah52splus,h5,,,zgemmah52splus,,zgemmah52splus,,,,,h5,
zgemmah52tc,h5,,,zgemmah52tc,,zgemmah52tc,,,,,h5,
zgemmah5ac,h5,,,,,,,,,,h5,
zgemmah6,h6,,,zgemmah6,,,,,,,h6,
zgemmah7,h7,zgemmah7,zgemmah7,zgemmah7,zgemmah7,zgemmah7,,,,zgemmah7,h7,
zgemmah82h,h8,zgemmah82h,zgemmah82h,,zgemmah82h,zgemmah82h,,,,zgemmah82h,h8,
zgemmah92h,h9,,,zgemmah92h,zgemmah92h,zgemmah92h,,,,zgemmah92h,h9,
zgemmah92hse,h9se,,,,zgemmah92hse,zgemmah92hse,,,,,h9se,
zgemmah92s,h9,,,zgemmah92s,zgemmah92s,zgemmah92s,,,,,h9,
zgemmah9combo,h9combo,zgemmah9combo,,zgemmah9combo,zgemmah9combo,zgemmah9combo,,,,zgemmah9combo,h9combo,
zgemmah9combose,h9combose,,,,,,,,,,h9combose,
zgemmah9s,h9,zgemmah9s,,zgemmah9s,zgemmah9s,zgemmah9s,,,,,h9,
zgemmah9sse,h9se,zgemmah9sse,,,zgemmah9sse,zgemmah9sse,,,,zgemmah9sse,h9se,
zgemmah9t,h9,zgemmah9t,,zgemmah9t,zgemmah9t,zgemmah9t,,,,zgemmah9t,h9,
zgemmah9twin,h9,zgemmah9twin,,zgemmah9twin,zgemmah9twin,zgemmah9twin,,,,zgemmah9twin,h9,
zgemmah9twinse,h9combose,zgemmah9twinse,zgemmah9twinse,,,,,,,,h9combose,
zgemmahs,sh1,,,,,zgemmahs,,,,,sh1,
zgemmai55,i55,,,,,,,,,,i55,
zgemmai55plus,i55plus,zgemmai55plus,,zgemmai55plus,,zgemmai55plus,,,,zgemmai55plus,i55plus,
zgemmai55se,i55se,,,,,,,,,,i55se,
zgemmas2s,sh1,,,,,,,,,,sh1,
zgemmash1,sh1,,,,,,,,,,sh1,
zgemmash2,sh1,,,,,,,,,,sh1,
zgemmaslc,lc,,,,,,,,,,lc,
zgemmass,sh1,,,,,,,,,,sh1,
